strategy,count,stake_sum,profit_sum,profit_mean,roi
statistical,2799,2799.0,273.59999999999997,0.09774919614147909,9.774919614147908
